{
   "development":{
        "emailProtocol":"smtp",
        "emailPort":"587",
        "emailHost":"smtp.ionos.de",
        "emailUser":"awakeshkumarsingh@gmail.com",
        "emailPass":"sonisingh123",
        "emailCrypto":"tls",
        "emailCharset":"utf-8",
        "emailFrom":"test1234@gmail.com",
        "encKey" :"9Q7CM34P378078969Q7CMdsfdmfkjdfkdf34P37807896",
        "frontSiteBaseUrl": "http://localhost:3001/"
   },
   "production":{
        "emailProtocol":"smtp",
        "emailPort":"587",
        "emailHost":"smtp.ionos.de",
        "emailUser":"awakeshkumarsingh@gmail.com",
        "emailPass":"sonisingh123",
        "emailCrypto":"tls",
        "emailCharset":"utf-8",
        "emailFrom":"test1234@gmail.com",
        "encKey" :"9Q7CM34P378078969Q7CMdsfdmfkjdfkdf34P37807896",
        "frontSiteBaseUrl": "http://localhost:3001/"
    }
}